ABARTH,124
ABARTH,595
ABARTH,695
ALFA ROMEO,147
ALFA ROMEO,156
ALFA ROMEO,159
ALFA ROMEO,166
ALFA ROMEO,4C
ALFA ROMEO,8C COMPETIZIONE COUPE
ALFA ROMEO,8C SPIDER
ALFA ROMEO,BRERA
ALFA ROMEO,GIULIA
ALFA ROMEO,GIULIETTA
ALFA ROMEO,GT
ALFA ROMEO,GTV
ALFA ROMEO,MITO
ALFA ROMEO,SPIDER
ALFA ROMEO,STELVIO
ASTON MARTIN,DB11
ASTON MARTIN,DB7
ASTON MARTIN,DB9
ASTON MARTIN,DBS
ASTON MARTIN,DBX
ASTON MARTIN,DBX707
ASTON MARTIN,LAGONDA
ASTON MARTIN,ONE-77 
ASTON MARTIN,RAPIDE
ASTON MARTIN,RAPIDE S
ASTON MARTIN,V12 VANTAGE
ASTON MARTIN,VANQUISH
ASTON MARTIN,VANTAGE
ASTON MARTIN,VIRAGE
AUDI,A1
AUDI,A3
AUDI,A4
AUDI,A5
AUDI,A6
AUDI,A7
AUDI,A8
AUDI,CABRIOLET
AUDI,E-TRON
AUDI,Q2
AUDI,Q3
AUDI,Q5
AUDI,Q7
AUDI,Q8
AUDI,Q8 E-TRON
AUDI,R8
AUDI,R8 SPYDER
AUDI,RS3
AUDI,RS4
AUDI,RS5
AUDI,RS6
AUDI,RS7
AUDI,RSQ3
AUDI,RSQ8
AUDI,S3
AUDI,S4
AUDI,S5
AUDI,S6
AUDI,S7
AUDI,S8
AUDI,SQ5
AUDI,SQ7
AUDI,SQ8
AUDI,TT
AUDI,TTS
BAIC,A115
BAIC,A520T
BAIC,BJ40 C
BAIC,BJ80
BAIC,BJJ40 PLUS
BAIC,D50
BAIC,X35
BAIC,X55
BAIC,X7
BENTLEY,ARNAGE
BENTLEY,AZURE
BENTLEY,BENTAYGA
BENTLEY,BROOKLANDS
BENTLEY,CONTINENTAL
BENTLEY,FLYING SPUR
BENTLEY,MULSANNE
BENTLEY,TURBO R
BESTUNE,B70
BESTUNE,T33
BESTUNE,T77
BESTUNE,T99
BESTUNE,X40
BMW,728
BMW,116i
BMW,118i
BMW,120i
BMW,125i
BMW,130i
BMW,135i
BMW,1M
BMW,218i ACTIVE TOURER
BMW,218i GRAN COUP
BMW,220i
BMW,225i ACTIVE TOURER
BMW,228i
BMW,230i
BMW,235i
BMW,3 Series GT
BMW,316i
BMW,318Ci
BMW,318i
BMW,320Ci
BMW,320i
BMW,323i
BMW,325Ci
BMW,325i
BMW,325Xi
BMW,328i
BMW,330Ci
BMW,330e
BMW,330i
BMW,330Xi
BMW,335Ci
BMW,335i
BMW,340i
BMW,420i
BMW,420I GRAN COUPE
BMW,428i
BMW,428I GRAN COUPE
BMW,430I
BMW,430I GRAN COUPE
BMW,435i
BMW,435I GRAN COUPE
BMW,440i
BMW,440I GRAN COUPE
BMW,5 Series GT
BMW,520i
BMW,523i
BMW,525i
BMW,528i
BMW,530e
BMW,530i
BMW,530Li
BMW,535i
BMW,540i
BMW,545i
BMW,550i
BMW,6 Series GT
BMW,630i
BMW,635 Csi
BMW,640i
BMW,640i GRAN COUPE
BMW,645Ci
BMW,650i
BMW,650i GRAN COUPE
BMW,728iL
BMW,730i
BMW,730Li
BMW,735i
BMW,735Li
BMW,740i
BMW,740Le
BMW,740Li
BMW,745i
BMW,745Li
BMW,750i
BMW,750Li
BMW,760i
BMW,760Li
BMW,840Ci
BMW,840i
BMW,840i GRAN COUPE
BMW,850Ci
BMW,ALPINA
BMW,I3
BMW,I3 s
BMW,i4 GRAN COUPE
BMW,i7
BMW,I8
BMW,iX
BMW,iX1
BMW,iX3
BMW,M140i
BMW,M2
BMW,M235i
BMW,M235i GRAN COUPE
BMW,M240i
BMW,M3
BMW,M340i
BMW,M4
BMW,M440i
BMW,M440i GRAN COUPE
BMW,M5
BMW,M550i
BMW,M6
BMW,M6 Gran Coupe
BMW,M760Li
BMW,M8
BMW,M8 GRAN COUPE
BMW,M850i
BMW,M850i GRAN COUPE
BMW,X1
BMW,X2
BMW,X3
BMW,X4
BMW,X4 M
BMW,X5
BMW,X5 M
BMW,X6
BMW,X6 M
BMW,X7
BMW,XM
BMW,Z3
BMW,Z3M
BMW,Z4
BMW,Z4M
BMW,Z8
BORGWARD,BX5
BORGWARD,BX7
BRILLIANCE,FRV CROSS
BRILLIANCE,H530
BRILLIANCE,V5
BUGATTI,CENTODIECI
BUGATTI,CHIRON
BUGATTI,DIVO
BUGATTI,VEYRON
BYD,ATTO 3
BYD,F3
BYD,F3-AT
BYD,F3R
BYD,F6
BYD,QIN PRO
BYD,S6
BYD,S7
BYD,SONG PRO
BYD,TANG
CADILLAC,ATS
CADILLAC,ATS-V
CADILLAC,BLS
CADILLAC,BROUGHAM
CADILLAC,CATERA
CADILLAC,CT4
CADILLAC,CT4-V
CADILLAC,CT5
CADILLAC,CT5-V
CADILLAC,CT6
CADILLAC,CTS
CADILLAC,CTS-V
CADILLAC,DEVILLE
CADILLAC,DTS
CADILLAC,ESCALADE
CADILLAC,FLEETWOOD
CADILLAC,SLS
CADILLAC,SRX
CADILLAC,STS
CADILLAC,STS-V
CADILLAC,XLR
CADILLAC,XT4
CADILLAC,XT5
CADILLAC,XT6
CADILLAC,XTS
CHANGAN,ALSVIN
CHANGAN,CS35
CHANGAN,CS35 PLUS
CHANGAN,CS75
CHANGAN,CS75 PLUS
CHANGAN,CS85
CHANGAN,CS95
CHANGAN,EADO
CHANGAN,EADO PLUS
CHANGAN,HUNTER
CHANGAN,UNI-K
CHANGAN,UNI-T
CHANGAN,UNI-V
CHERY,ARRIZO 3
CHERY,ARRIZO 5
CHERY,ARRIZO 6
CHERY,ARRIZO 7
CHERY,E5
CHERY,E8
CHERY,EASTAR
CHERY,EXEED
CHERY,QQ
CHERY,QQ3
CHERY,TIGGO
CHERY,TIGGO 2
CHERY,TIGGO 3
CHERY,TIGGO 4 PRO
CHERY,TIGGO 5
CHERY,TIGGO 7
CHERY,TIGGO 8
CHERY,WINDCLOUD
CHEVROLET,ASTRO
CHEVROLET,AVALANCHE
CHEVROLET,AVEO
CHEVROLET,AVEO-5
CHEVROLET,BARINA
CHEVROLET,BLAZER
CHEVROLET,BOLT EV
CHEVROLET,CAMARO
CHEVROLET,CAPRICE
CHEVROLET,CAPTIVA
CHEVROLET,CAVALIER
CHEVROLET,COLORADO
CHEVROLET,CORVETTE
CHEVROLET,CRUZE
CHEVROLET,CSV
CHEVROLET,EL CAMINO
CHEVROLET,EPICA
CHEVROLET,EQUINOX
CHEVROLET,EXPRESS
CHEVROLET,GROOVE
CHEVROLET,IMPALA
CHEVROLET,LUMINA
CHEVROLET,MALIBU
CHEVROLET,MALIBU 400
CHEVROLET,MALIBU US
CHEVROLET,OPTRA
CHEVROLET,SILVERADO
CHEVROLET,SONIC
CHEVROLET,SPARK
CHEVROLET,SSR
CHEVROLET,SUBURBAN
CHEVROLET,TAHOE
CHEVROLET,TRACKER
CHEVROLET,TRAILBLAZER
CHEVROLET,TRAVERSE
CHEVROLET,TRAX
CHEVROLET,UPLANDER
CHEVROLET,VENTURE
CHRYSLER,200
CHRYSLER,200C
CHRYSLER,300C
CHRYSLER,300M
CHRYSLER,300S
CHRYSLER,CONCORDE
CHRYSLER,CROSSFIRE
CHRYSLER,FIFTH AVENUE
CHRYSLER,GRAND VOYAGER
CHRYSLER,NEON
CHRYSLER,PACIFICA
CHRYSLER,PT CRUISER
CHRYSLER,SEBRING
CITROEN,C3
CITROEN,C3 AIRCROSS
CITROEN,C4
CITROEN,C5
CITROEN,C5 AIRCROSS
CITROEN,C6
CITROEN,C-ELYSEE
CITROEN,DS3
CITROEN,DS4
CITROEN,DS5
CITROEN,SPACETOURER
CMC,VERYCA
CMC,Z7
DAIHATSU,CHARADE
DAIHATSU,GRAN MAX
DAIHATSU,MATERIA
DAIHATSU,SIRION
DAIHATSU,TERIOS
DAIHATSU,YRV
DAYUN,ES3
DFSK,FENGON 580
DFSK,FENGON C31
DFSK,FENGON C32
DFSK,FENGON IX5
DODGE,AVENGER
DODGE,CALIBER
DODGE,CHALLENGER
DODGE,CHARGER
DODGE,DAKOTA
DODGE,DART
DODGE,DURANGO
DODGE,INTREPID
DODGE,NEON
DODGE,NITRO
DODGE,RAM
DODGE,VIPER
DORCEN,DOMY X5
DORCEN,DOMY X7
DORCEN,G70s
EXEED,TXL
EXEED,VX
FAW,BESTUNE T77
FERRARI,296
FERRARI,612
FERRARI,812
FERRARI,348 TS
FERRARI,360 CHALLENGE
FERRARI,360 MODENA
FERRARI,458 ITALIA
FERRARI,458 SPECIALE
FERRARI,488 CHALLENGE
FERRARI,488 GTB
FERRARI,488 PISTA
FERRARI,488 SPIDER
FERRARI,550 BARCHETTA
FERRARI,550 MARANELLO
FERRARI,CALIFORNIA
FERRARI,F12
FERRARI,F430
FERRARI,F575M
FERRARI,F599
FERRARI,F8 SPIDER
FERRARI,F8 TRIBUTO
FERRARI,FF
FERRARI,GTC4
FERRARI,LAFERRARI
FERRARI,MONZA
FERRARI,PORTOFINO
FERRARI,PORTOFINO M
FERRARI,ROMA
FERRARI,SF90
FERRARI,TESTAROSSA
FIAT,500
FIAT,124 SPIDER
FIAT,500L
FIAT,500X
FIAT,BRAVO
FIAT,DUCATO
FIAT,FIORINO
FIAT,LINEA
FISKER,KARMA
FORCE,TRAVELLER
FORD,BRONCO
FORD,CROWN VICTORIA
FORD,ECOSPORT
FORD,EDGE
FORD,ESCAPE
FORD,ESCORT
FORD,EVEREST
FORD,EXPEDITION
FORD,EXPEDITION   EL
FORD,EXPLORER
FORD,EXPLORER SPORT TRAC
FORD,F-150
FORD,F-350
FORD,F-550
FORD,FIESTA
FORD,FIGO
FORD,FIVE HUNDRED
FORD,FLEX
FORD,FOCUS
FORD,FREESTAR
FORD,FUSION
FORD,GT
FORD,MONDEO
FORD,MUSTANG
FORD,RANGER
FORD,TAURUS
FORD,TERRITORY
FORD,TRANSIT
FORTHING,T5 EVO
FORTHING,U-TOUR
FOTON,AUMARK CHASSIS
FOTON,TUNLAND
GAC,EMKOO
GAC,EMPOW
GAC,GA3
GAC,GA4
GAC,GA6
GAC,GA8
GAC,GN6
GAC,GN8
GAC,GS3
GAC,GS4
GAC,GS5
GAC,GS7
GAC,GS8
GEELY,AZKARRA
GEELY,BINARY
GEELY,COOLRAY
GEELY,EMGRAND
GEELY,EMGRAND 7
GEELY,EMGRAND 7RV
GEELY,EMGRAND EC7
GEELY,EMGRAND EC8
GEELY,EMGRAND EX7
GEELY,EMGRAND GC6
GEELY,EMGRAND GC7
GEELY,EMGRAND GS
GEELY,EMGRAND GT
GEELY,EMGRAND X7 SPORT
GEELY,GC2
GEELY,GX2
GEELY,MONJARO
GEELY,OKAVANGO
GEELY,POER
GEELY,TUGELLA
GENESIS,G70
GENESIS,G80
GENESIS,G90
GENESIS,GV70
GENESIS,GV80
GMC,ACADIA
GMC,C/K
GMC,ENVOY
GMC,SAVANA
GMC,SIERRA
GMC,TERRAIN
GMC,YUKON
GMC,YUKON XL
GREAT WALL,FLORID
GREAT WALL,POER
GREAT WALL,TANK 500
GREAT WALL,WINGLE 3
GREAT WALL,WINGLE 5
GREAT WALL,WINGLE 6
GREAT WALL,WINGLE 7
HAVAL,DARGO
HAVAL,H2
HAVAL,H6
HAVAL,H6 SPORT
HAVAL,H8
HAVAL,H9
HAVAL,JOLION
HONDA,ACCORD
HONDA,ACCORD COUPE
HONDA,ACCORD CROSSTOUR
HONDA,CITY
HONDA,CIVIC
HONDA,CR-V
HONDA,CR-X
HONDA,E-NS1
HONDA,FIT
HONDA,HRV
HONDA,JAZZ
HONDA,LEGEND
HONDA,MRV
HONDA,ODYSSEY
HONDA,ODYSSEY J
HONDA,PILOT
HONDA,S2000
HONDA,STREAM
HONDA,ZR-V
HONGQI,EHS9
HONGQI,H5
HONGQI,H7
HONGQI,H9
HONGQI,HS5
HONGQI,HS7
HONGQI,OUSADO
HUMMER,H1
HUMMER,H2
HUMMER,H3
HYUNDAI,ACCENT
HYUNDAI,ATOS PRIME
HYUNDAI,AZERA
HYUNDAI,CENTENNIAL
HYUNDAI,COUPE
HYUNDAI,CRETA
HYUNDAI,ELANTRA
HYUNDAI,GALLOPER
HYUNDAI,GENESIS
HYUNDAI,GENESIS COUPE
HYUNDAI,GETZ
HYUNDAI,GRAND i10
HYUNDAI,GRAND SANTA FE
HYUNDAI,H1
HYUNDAI,i10
HYUNDAI,i20
HYUNDAI,i30
HYUNDAI,i40
HYUNDAI,IONIQ
HYUNDAI,KONA
HYUNDAI,MATRIX
HYUNDAI,PALISADE
HYUNDAI,SANTA FE
HYUNDAI,SONATA
HYUNDAI,STARIA
HYUNDAI,TERRACAN
HYUNDAI,TRAJET
HYUNDAI,TUCSON
HYUNDAI,VELOSTER
HYUNDAI,VERACRUZ
HYUNDAI,XG 350
INEOS,GRENADIER
INFINITI,EX35
INFINITI,EX37
INFINITI,FX35
INFINITI,FX37
INFINITI,FX45
INFINITI,FX50
INFINITI,G25
INFINITI,G35
INFINITI,G37
INFINITI,I30
INFINITI,I35
INFINITI,JX35
INFINITI,M35
INFINITI,M37
INFINITI,M45
INFINITI,M56
INFINITI,Q30
INFINITI,Q45
INFINITI,Q50
INFINITI,Q60
INFINITI,Q70
INFINITI,QX30
INFINITI,QX4
INFINITI,QX50
INFINITI,QX55
INFINITI,QX56
INFINITI,QX60
INFINITI,QX70
INFINITI,QX70S
INFINITI,QX80
ISUZU,D-MAX
ISUZU,MU-X
ISUZU,NPR
IVECO,DAILY
JAC,J4
JAC,J5
JAC,J6
JAC,J7
JAC,JS4
JAC,M4
JAC,M5
JAC,S3
JAC,S3 PLUS
JAC,S7
JAC,SUNRAY
JAC,T8
JAGUAR,DAIMLER DS420
JAGUAR,E-PACE
JAGUAR,F-PACE
JAGUAR,F-TYPE
JAGUAR,I-PACE
JAGUAR,S TYPE
JAGUAR,X TYPE
JAGUAR,XE
JAGUAR,XF
JAGUAR,XFR
JAGUAR,XJ
JAGUAR,XK
JAGUAR,XK8
JAGUAR,XKR
JAGUAR,XKR-S
JEEP,CHEROKEE
JEEP,COMMANDER
JEEP,COMPASS
JEEP,GLADIATOR
JEEP,GRAND CHEROKEE
JEEP,GRAND CHEROKEE L
JEEP,GRAND WAGONEER
JEEP,GRAND WAGONEER L
JEEP,PATRIOT
JEEP,RENEGADE
JEEP,WAGONEER
JEEP,WRANGLER
JEEP,WRANGLER UNLIMITED
JETOUR,DASHING
JETOUR,X70
JETOUR,X70S
JETOUR,X90
JETOUR,X90 PLUS
KAIYI,X3 PRO
KIA,CADENZA
KIA,CARENS
KIA,CARNIVAL
KIA,CERATO
KIA,CERATO KOUP
KIA,FORTE
KIA,GRAND CARNIVAL
KIA,K5
KIA,K8
KIA,K900
KIA,MOHAVE
KIA,NIRO
KIA,OPRIUS
KIA,OPTIMA
KIA,PEGAS
KIA,PICANTO
KIA,QUORIS
KIA,RIO
KIA,SEDONA
KIA,SELTOS
KIA,SONET
KIA,SORENTO
KIA,SOUL
KIA,SPORTAGE
KIA,STINGER
KIA,TELLURIDE
KING LONG,KING LONG
KOENIGSEGG,REGERA
KTM,X-BOW
LAMBORGHINI,AVENTADOR
LAMBORGHINI,DIABLO
LAMBORGHINI,GALLARDO
LAMBORGHINI,HURACAN
LAMBORGHINI,MURCIELAGO
LAMBORGHINI,URUS
LANCIA,DELTA
LAND ROVER,DEFENDER
LAND ROVER,DEFENDER 110
LAND ROVER,DEFENDER 130
LAND ROVER,DEFENDER 90
LAND ROVER,DISCOVERY
LAND ROVER,DISCOVERY SPORT
LAND ROVER,FREELANDER
LAND ROVER,LR2
LAND ROVER,LR3
LAND ROVER,LR4
LAND ROVER,NEW RANGE ROVER EVOQUE
LAND ROVER,RANGE ROVER
LAND ROVER,RANGE ROVER EVOQUE
LAND ROVER,RANGE ROVER SPORT
LAND ROVER,RANGE ROVER VELAR
LEAPMOTORS,C11
LEXUS,CT200H
LEXUS,ES 350 F
LEXUS,ES250
LEXUS,ES300
LEXUS,ES300 H
LEXUS,ES350
LEXUS,GS F
LEXUS,GS200T
LEXUS,GS250
LEXUS,GS300
LEXUS,GS350
LEXUS,GS430
LEXUS,GS450h
LEXUS,GS460
LEXUS,GX460
LEXUS,IS F
LEXUS,IS200T
LEXUS,IS250
LEXUS,IS300
LEXUS,IS300C
LEXUS,IS350
LEXUS,LC500
LEXUS,LC500H
LEXUS,LFA
LEXUS,LS350
LEXUS,LS430
LEXUS,LS460
LEXUS,LS500
LEXUS,LS500h
LEXUS,LS600h
LEXUS,LX 25
LEXUS,LX470
LEXUS,LX570
LEXUS,LX600
LEXUS,NX 350h
LEXUS,NX200T
LEXUS,NX300
LEXUS,NX350
LEXUS,RC 350
LEXUS,RC F
LEXUS,RC200T
LEXUS,RC300
LEXUS,RC350
LEXUS,RX300
LEXUS,RX330
LEXUS,RX350
LEXUS,RX350 L
LEXUS,RX350H
LEXUS,RX450H
LEXUS,RX450h L
LEXUS,RX500H
LEXUS,SC430
LEXUS,UX200
LIFAN,X50
LINCOLN,AVIATOR
LINCOLN,CONTINENTAL
LINCOLN,CORSAIR
LINCOLN,MKC
LINCOLN,MKS
LINCOLN,MK-T
LINCOLN,MKX
LINCOLN,MKZ
LINCOLN,NAUTILUS
LINCOLN,NAVIGATOR
LINCOLN,NAVIGATOR  EL
LINCOLN,TOWN CAR
LOTUS,ELISE
LOTUS,EMIRA
LOTUS,ESPIRT
LOTUS,EVORA
LOTUS,EXIGE
LUXGEN,7
LUXGEN,M7
LUXGEN,S5
LUXGEN,U6
LUXGEN,U7
LYKAN,HYPERSPORT
MAHINDRA,PICK UP
MAHINDRA,XUV 500
MASERATI,3200 GT
MASERATI,4200 GT
MASERATI,GHIBLI
MASERATI,GRAN TURISMO
MASERATI,GRANCABRIO
MASERATI,GRANSPORT
MASERATI,GRECALE
MASERATI,LEVANTE
MASERATI,MC20
MASERATI,QUATTROPORTE
MASERATI,SPIDER
MASERATI,SPIDER F1
MAXUS,D60
MAXUS,D90
MAXUS,G10
MAXUS,G20
MAXUS,G50
MAXUS,T60
MAXUS,V80
MAYBACH,57
MAYBACH,62
MAYBACH,57 S
MAYBACH,62 S
MAZDA,2
MAZDA,3
MAZDA,6
MAZDA,626
MAZDA,3 SPORT
MAZDA,6 ULTRA
MAZDA,BT-50
MAZDA,CX-3
MAZDA,CX-30
MAZDA,CX-5
MAZDA,CX-7
MAZDA,CX-9
MAZDA,MX-30
MAZDA,MX-5
MAZDA,RX-7
MCLAREN,540C
MCLAREN,570GT
MCLAREN,570S
MCLAREN,600LT
MCLAREN,620R
MCLAREN,650S
MCLAREN,675LT
MCLAREN,720S
MCLAREN,765LT
MCLAREN,ARTURA
MCLAREN,GT
MCLAREN,MP4 12C
MCLAREN,P1
MCLAREN,SENNA
MCLAREN,SLR
MERCEDES BENZ,180
MERCEDES BENZ,300
MERCEDES BENZ,500
MERCEDES BENZ,560
MERCEDES BENZ,300SL
MERCEDES BENZ,350SL
MERCEDES BENZ,380SL
MERCEDES BENZ,450SL
MERCEDES BENZ,560SL
MERCEDES BENZ,A160
MERCEDES BENZ,A200
MERCEDES BENZ,A250
MERCEDES BENZ,A35 AMG
MERCEDES BENZ,A45
MERCEDES BENZ,AMG GT
MERCEDES BENZ,B150
MERCEDES BENZ,B160
MERCEDES BENZ,B170
MERCEDES BENZ,B180
MERCEDES BENZ,B200
MERCEDES BENZ,B250 E
MERCEDES BENZ,BRABUS
MERCEDES BENZ,C160 K
MERCEDES BENZ,C180
MERCEDES BENZ,C180 K
MERCEDES BENZ,C200
MERCEDES BENZ,C200 K
MERCEDES BENZ,C220
MERCEDES BENZ,C230
MERCEDES BENZ,C230 K
MERCEDES BENZ,C240
MERCEDES BENZ,C250
MERCEDES BENZ,C280
MERCEDES BENZ,C300
MERCEDES BENZ,C320
MERCEDES BENZ,C350
MERCEDES BENZ,C400
MERCEDES BENZ,C43 AMG
MERCEDES BENZ,C450
MERCEDES BENZ,C450 AMG
MERCEDES BENZ,C55 AMG
MERCEDES BENZ,C63 AMG
MERCEDES BENZ,CL500
MERCEDES BENZ,CL55 AMG
MERCEDES BENZ,CL550
MERCEDES BENZ,CL600
MERCEDES BENZ,CL63 AMG
MERCEDES BENZ,CL65 AMG
MERCEDES BENZ,CLA200
MERCEDES BENZ,CLA250
MERCEDES BENZ,CLA35 AMG
MERCEDES BENZ,CLA45 AMG
MERCEDES BENZ,CLC180K
MERCEDES BENZ,CLC200K
MERCEDES BENZ,CLC220 CDI
MERCEDES BENZ,CLC230 K
MERCEDES BENZ,CLC250
MERCEDES BENZ,CLC350
MERCEDES BENZ,CLK200 K
MERCEDES BENZ,CLK230 K
MERCEDES BENZ,CLK240
MERCEDES BENZ,CLK280
MERCEDES BENZ,CLK320
MERCEDES BENZ,CLK320 CDI
MERCEDES BENZ,CLK350
MERCEDES BENZ,CLK500
MERCEDES BENZ,CLK55 AMG
MERCEDES BENZ,CLK63 AMG
MERCEDES BENZ,CLS280
MERCEDES BENZ,CLS300
MERCEDES BENZ,CLS320 CDI
MERCEDES BENZ,CLS350
MERCEDES BENZ,CLS400
MERCEDES BENZ,CLS450
MERCEDES BENZ,CLS500
MERCEDES BENZ,CLS53 AMG
MERCEDES BENZ,CLS55 AMG
MERCEDES BENZ,CLS550
MERCEDES BENZ,CLS63 AMG
MERCEDES BENZ,E 550
MERCEDES BENZ,E200
MERCEDES BENZ,E230
MERCEDES BENZ,E240
MERCEDES BENZ,E250
MERCEDES BENZ,E280
MERCEDES BENZ,E300
MERCEDES BENZ,E320
MERCEDES BENZ,E350
MERCEDES BENZ,E350 AMG
MERCEDES BENZ,E400
MERCEDES BENZ,E420
MERCEDES BENZ,E43 AMG
MERCEDES BENZ,E450
MERCEDES BENZ,E500
MERCEDES BENZ,E53 AMG
MERCEDES BENZ,E55 AMG
MERCEDES BENZ,E63 AMG
MERCEDES BENZ,EQA 250
MERCEDES BENZ,EQA 350 4M
MERCEDES BENZ,EQB 350 4M
MERCEDES BENZ,EQC 400 4M
MERCEDES BENZ,EQE 300
MERCEDES BENZ,EQE 350
MERCEDES BENZ,EQS 450 PLUS
MERCEDES BENZ,EQS 53 AMG
MERCEDES BENZ,EQS 580 4M
MERCEDES BENZ,EQV 300
MERCEDES BENZ,G300 CDI
MERCEDES BENZ,G320
MERCEDES BENZ,G350 D
MERCEDES BENZ,G500
MERCEDES BENZ,G500 BRABUS
MERCEDES BENZ,G55 AMG
MERCEDES BENZ,G63 AMG
MERCEDES BENZ,G65 AMG
MERCEDES BENZ,GL400
MERCEDES BENZ,GL450
MERCEDES BENZ,GL500
MERCEDES BENZ,GL63 AMG
MERCEDES BENZ,GLA 35 AMG
MERCEDES BENZ,GLA200
MERCEDES BENZ,GLA220
MERCEDES BENZ,GLA250
MERCEDES BENZ,GLA45 AMG
MERCEDES BENZ,GLB 35
MERCEDES BENZ,GLB200
MERCEDES BENZ,GLB250
MERCEDES BENZ,GLC 43 AMG
MERCEDES BENZ,GLC200
MERCEDES BENZ,GLC250
MERCEDES BENZ,GLC300
MERCEDES BENZ,GLC63 AMG
MERCEDES BENZ,GLE350
MERCEDES BENZ,GLE400
MERCEDES BENZ,GLE43 AMG
MERCEDES BENZ,GLE450
MERCEDES BENZ,GLE500
MERCEDES BENZ,GLE53 AMG
MERCEDES BENZ,GLE63 AMG
MERCEDES BENZ,GLK 250
MERCEDES BENZ,GLK280
MERCEDES BENZ,GLK300
MERCEDES BENZ,GLK350
MERCEDES BENZ,GLS 600
MERCEDES BENZ,GLS400
MERCEDES BENZ,GLS450
MERCEDES BENZ,GLS500
MERCEDES BENZ,GLS580
MERCEDES BENZ,GLS63 AMG
MERCEDES BENZ,ML320
MERCEDES BENZ,ML320 CDI
MERCEDES BENZ,ML350
MERCEDES BENZ,ML400
MERCEDES BENZ,ML400 CDI
MERCEDES BENZ,ML430
MERCEDES BENZ,ML500
MERCEDES BENZ,ML55
MERCEDES BENZ,ML550
MERCEDES BENZ,ML63 AMG
MERCEDES BENZ,R280 L
MERCEDES BENZ,R300L
MERCEDES BENZ,R350
MERCEDES BENZ,R350L
MERCEDES BENZ,R500
MERCEDES BENZ,R500 L
MERCEDES BENZ,R63 AMG
MERCEDES BENZ,S280
MERCEDES BENZ,S300
MERCEDES BENZ,S320
MERCEDES BENZ,S350
MERCEDES BENZ,S400
MERCEDES BENZ,S400 HYBRID
MERCEDES BENZ,S450
MERCEDES BENZ,S450 L
MERCEDES BENZ,S500
MERCEDES BENZ,S500 L
MERCEDES BENZ,S55 AMG
MERCEDES BENZ,S550
MERCEDES BENZ,S560
MERCEDES BENZ,S560 L
MERCEDES BENZ,S580 L
MERCEDES BENZ,S600
MERCEDES BENZ,S63 AMG
MERCEDES BENZ,S65 AMG
MERCEDES BENZ,S650
MERCEDES BENZ,S680
MERCEDES BENZ,SL280
MERCEDES BENZ,SL300
MERCEDES BENZ,SL320
MERCEDES BENZ,SL350
MERCEDES BENZ,SL380
MERCEDES BENZ,SL400
MERCEDES BENZ,SL500
MERCEDES BENZ,SL55 AMG
MERCEDES BENZ,SL60 AMG
MERCEDES BENZ,SL600
MERCEDES BENZ,SL63 AMG
MERCEDES BENZ,SL65 AMG
MERCEDES BENZ,SLC200
MERCEDES BENZ,SLC300
MERCEDES BENZ,SLC350
MERCEDES BENZ,SLC43 AMG
MERCEDES BENZ,SLC500
MERCEDES BENZ,SLK200
MERCEDES BENZ,SLK200 K
MERCEDES BENZ,SLK230
MERCEDES BENZ,SLK230 K
MERCEDES BENZ,SLK250
MERCEDES BENZ,SLK280
MERCEDES BENZ,SLK300
MERCEDES BENZ,SLK320
MERCEDES BENZ,SLK350
MERCEDES BENZ,SLK55 AMG
MERCEDES BENZ,SLR MCLAREN
MERCEDES BENZ,SLS AMG
MERCEDES BENZ,SMART
MERCEDES BENZ,SPRINTER
MERCEDES BENZ,V250
MERCEDES BENZ,V280
MERCEDES BENZ,VIANO
MERCEDES BENZ,VITO
MERCURY,GRAND MARQUIS
MERCURY,MARINER
MERCURY,MILAN
MERCURY,MOUNTAINEER
MERCURY,SABLE
MG,3
MG,5
MG,6
MG,350
MG,360
MG,550
MG,750
MG,GS
MG,GT
MG,HS
MG,ONE
MG,RX5
MG,RX8
MG,T60
MG,ZS
MG,ZS EV
MG,ZS MCE
MG,ZST
MINI,COOPER
MINI,COOPER CLUBMAN
MINI,COOPER COUNTRYMAN
MINI,COOPER ROADSTER
MINI,COOPER S
MINI,COOPER S CLUBMAN
MINI,COOPER S COUNTRYMAN
MINI,COOPER S ROADSTER
MINI,JOHN COOPER WORKS
MITSUBISHI,ASX
MITSUBISHI,ATTRAGE
MITSUBISHI,CANTER
MITSUBISHI,ECLIPSE
MITSUBISHI,ECLIPSE CROSS
MITSUBISHI,FORTIS
MITSUBISHI,FUSO CANTER
MITSUBISHI,FUSO ROSA
MITSUBISHI,GALANT
MITSUBISHI,GRANDIS
MITSUBISHI,L200
MITSUBISHI,LANCER
MITSUBISHI,LANCER EX
MITSUBISHI,MAGNA
MITSUBISHI,MIRAGE
MITSUBISHI,MONTERO SPORT
MITSUBISHI,NATIVA
MITSUBISHI,OUTLANDER
MITSUBISHI,OUTLANDER PHEV
MITSUBISHI,PAJERO
MITSUBISHI,PAJERO IO
MITSUBISHI,PAJERO SPORT
MITSUBISHI,SPACESTAR
MITSUBISHI,XPANDER
MITSUBISHI,XPANDER CROSS
MORGAN,4-Apr
MORGAN,3 WHEELER
MORGAN,AERO
MORGAN,PLUS 4
MORGAN,PLUS 6
MORGAN,PLUS 8
MORGAN,ROADSTER
NISSAN,300ZX
NISSAN,350Z
NISSAN,370Z
NISSAN,ALTIMA
NISSAN,ARMADA
NISSAN,CIVILIAN
NISSAN,GT-R
NISSAN,JUKE
NISSAN,KICKS
NISSAN,MAXIMA
NISSAN,MICRA
NISSAN,MURANO
NISSAN,NAVARA
NISSAN,PATHFINDER
NISSAN,PATROL
NISSAN,PATROL PICK UP
NISSAN,PICK UP
NISSAN,PRIMERA
NISSAN,QASHQAI
NISSAN,ROUGE
NISSAN,SENTRA
NISSAN,SUNNY
NISSAN,TERRANO
NISSAN,TIIDA
NISSAN,URVAN
NISSAN,VERSA
NISSAN,X TERRA
NISSAN,X TRAIL
NISSAN,Z
OPEL,ADAM
OPEL,ANTARA
OPEL,ASTRA
OPEL,CASCADA
OPEL,CORSA
OPEL,CROSSLAND X
OPEL,GRANDLAND
OPEL,GRANDLAND X
OPEL,INSIGNIA
OPEL,MERIVA
OPEL,MOKKA
OPEL,MOKKA  X
OPEL,ZAFIRA
OPEL,ZAFIRA LIFE
PAGANI,HUAYRA
PAGANI,IMOLA
PAGANI,ZONDA
PEUGEOT,206
PEUGEOT,207
PEUGEOT,208
PEUGEOT,301
PEUGEOT,307
PEUGEOT,308
PEUGEOT,407
PEUGEOT,408
PEUGEOT,508
PEUGEOT,607
PEUGEOT,2008
PEUGEOT,3008
PEUGEOT,5008
PEUGEOT,307 SW
PEUGEOT,308 SW
PEUGEOT,BOXER
PEUGEOT,EXPERT
PEUGEOT,LANDTREK
PEUGEOT,PARTNER
PEUGEOT,RCZ
PEUGEOT,RIFTER
PEUGEOT,TRAVELLER
PGO,CEVENNES
PGO,SPEEDSTER
POLESTAR,POLESTAR 2
PORSCHE,911
PORSCHE,918
PORSCHE,718 BOXSTER
PORSCHE,718 CAYMAN
PORSCHE,718 SPYDER
PORSCHE,9FF
PORSCHE,BOXSTER
PORSCHE,CARRERA GT
PORSCHE,CAYENNE
PORSCHE,CAYMAN
PORSCHE,MACAN
PORSCHE,PANAMERA
PORSCHE,TAYCAN
PROTON,GEN-2
PROTON,PERSONA
PROTON,SAGA
PROTON,X50
RABDAN,RABDAN ONE
RAM,1500
RAM,2500
RAM,LARAMIE
RENAULT,5
RENAULT,CAPTUR
RENAULT,CLIO
RENAULT,DOKKER
RENAULT,DUSTER
RENAULT,ESPACE
RENAULT,FLUENCE
RENAULT,GRAND SCENIC
RENAULT,KOLEOS
RENAULT,LAGUNA
RENAULT,LOGAN
RENAULT,MASTER
RENAULT,MEGANE
RENAULT,SAFRANE
RENAULT,SANDERO
RENAULT,SCENIC
RENAULT,SYMBOL
RENAULT,TALISMAN
RENAULT,TRAFIC
RENAULT,TWIZY
RENAULT,ZOE
RIVIAN,R1T
ROLLS ROYCE,BROOKLANDS
ROLLS ROYCE,CORNICHE
ROLLS ROYCE,CULLINAN
ROLLS ROYCE,DAWN
ROLLS ROYCE,GHOST
ROLLS ROYCE,PHANTOM
ROLLS ROYCE,SILVER SERAPH
ROLLS ROYCE,SILVER SHADOW
ROLLS ROYCE,SILVER SPUR
ROLLS ROYCE,WRAITH
SAAB,3-Sep
SAAB,5-Sep
SAAB,9-7X
SANDSTORM,ALREEM
SANDSTORM,S 24
SATURN,SKY
SEAT,ALHAMBRA
SEAT,ALTEA
SEAT,ALTEA XL
SEAT,CORDOBA
SEAT,EXEO
SEAT,IBIZA
SEAT,LEON
SEAT,TOLEDO
SERES,S5
SKODA,FABIA
SKODA,KAMIQ
SKODA,KAROQ
SKODA,KODIAQ
SKODA,KUSHAQ
SKODA,OCTAVIA
SKODA,RAPID
SKODA,ROOMSTER
SKODA,SCALA
SKODA,SUPERB
SKODA,YETI
SKYWELL,ET5
SOUEAST,DX3
SOUEAST,DX7
SPYKER,C8
SSANGYONG,ACTYON
SSANGYONG,CHAIRMAN
SSANGYONG,KORANDO
SSANGYONG,KYRON
SSANGYONG,REXTON
SSANGYONG,RODIUS
SSANGYONG,TIVOLI
SUBARU,BRZ
SUBARU,CROSSTREK
SUBARU,FORESTER
SUBARU,IMPREZA
SUBARU,LEGACY
SUBARU,OUTBACK
SUBARU,TRIBECA
SUBARU,WRX
SUBARU,XV
SUZUKI,ALTO
SUZUKI,APV
SUZUKI,BALENO
SUZUKI,CARRY
SUZUKI,CELERIO
SUZUKI,CIAZ
SUZUKI,ERTIGA
SUZUKI,GRAND VITARA
SUZUKI,IGNIS
SUZUKI,JIMNY
SUZUKI,KIZASHI
SUZUKI,LIANA
SUZUKI,SWIFT
SUZUKI,SWIFT DZIRE
SUZUKI,SX4
SUZUKI,SX4 S-CROSS
SUZUKI,VITARA
SUZUKI,XL7
TANK,300
TANK,500
TESLA,MODEL 3
TESLA,MODEL S
TESLA,MODEL X
TESLA,MODEL Y
TOYOTA,86
TOYOTA,4RUNNER
TOYOTA,ALPHARD
TOYOTA,AURION
TOYOTA,AVALON
TOYOTA,AVANZA
TOYOTA,CAMRY
TOYOTA,CELICA
TOYOTA,C-HR
TOYOTA,COASTER
TOYOTA,COROLLA
TOYOTA,COROLLA CROSS
TOYOTA,CORONA
TOYOTA,CROWN
TOYOTA,ECHO
TOYOTA,FJ CRUISER
TOYOTA,FORTUNER
TOYOTA,GRANVIA
TOYOTA,HIACE
TOYOTA,HIGHLANDER
TOYOTA,HILUX
TOYOTA,INNOVA
TOYOTA,LAND CRUISER
TOYOTA,LAND CRUISER 70
TOYOTA,LAND CRUISER PICK UP
TOYOTA,LAND CRUISER PICKUP 70
TOYOTA,LITEACE
TOYOTA,MR2
TOYOTA,PRADO
TOYOTA,PREVIA
TOYOTA,PRIUS
TOYOTA,RAIZE
TOYOTA,RAV4
TOYOTA,RUSH
TOYOTA,SEQUOIA
TOYOTA,SOLARA
TOYOTA,SUPRA
TOYOTA,TUNDRA
TOYOTA,URBAN CRUISER
TOYOTA,VELOZ
TOYOTA,XA
TOYOTA,YARIS
TOYOTA,ZELAS
VICTORY,K1
VICTORY,K2
VICTORY,V1
VICTORY,V2
VOLKSWAGEN,AMAROK
VOLKSWAGEN,ARTEON
VOLKSWAGEN,BEETLE
VOLKSWAGEN,CADDY
VOLKSWAGEN,CC
VOLKSWAGEN,EOS
VOLKSWAGEN,GOLF
VOLKSWAGEN,GOLF PLUS
VOLKSWAGEN,ID.4/CROZZ
VOLKSWAGEN,ID.6/CROZZ
VOLKSWAGEN,JETTA
VOLKSWAGEN,MULTIVAN
VOLKSWAGEN,PASSAT
VOLKSWAGEN,PASSAT CC
VOLKSWAGEN,PHAETON
VOLKSWAGEN,POLO
VOLKSWAGEN,SCIROCCO
VOLKSWAGEN,TERAMONT
VOLKSWAGEN,TIGUAN
VOLKSWAGEN,TOUAREG
VOLKSWAGEN,TRANSPORTER
VOLKSWAGEN,T-ROC
VOLVO,C30
VOLVO,C40 RECHARGE
VOLVO,C70
VOLVO,S40
VOLVO,S60
VOLVO,S70
VOLVO,S80
VOLVO,S90
VOLVO,V40
VOLVO,V40 CC
VOLVO,V50
VOLVO,V60
VOLVO,V70
VOLVO,V90
VOLVO,V90 CC
VOLVO,XC40
VOLVO,XC40 RECHARGE
VOLVO,XC60
VOLVO,XC70
VOLVO,XC90
WIESMANN,ROADSTER
ZNA,YUMSUN
ZOTYE,T300
ZOTYE,T600
ZOTYE,T700
ZXAUTO,GRANDTIGER
